id,category,sentence_a,sentence_b,expected,predicted,similarity_score,similarity_pct,latency_ms,execution_mode
1,STS-B (main-captions),A group of men play soccer on the beach.,A group of boys are playing soccer on the beach.,Similar,Similar,0.7886,78.86%,4.02,Local CPU
2,STS-B (main-captions),One woman is measuring another woman's ankle.,A woman measures another woman's ankle.,Similar,Similar,0.9465,94.65%,4.02,Local CPU
3,STS-B (main-captions),A man is cutting up a cucumber.,A man is slicing a cucumber.,Similar,Similar,0.882,88.20%,4.02,Local CPU
4,STS-B (main-captions),A man is riding an electric bicycle.,A man is riding a bicycle.,Similar,Similar,0.8074,80.74%,4.02,Local CPU
5,STS-B (main-captions),A man is cutting an onion.,A man cuts an onion.,Similar,Similar,0.9795,97.95%,4.02,Local CPU
6,STS-B (main-captions),A man is slicing open a fish.,A man is cutting up a fish.,Similar,Similar,0.8238,82.38%,4.02,Local CPU
7,STS-B (main-captions),A baby panda goes down a slide.,A panda slides down a slide.,Similar,Similar,0.8536,85.36%,4.02,Local CPU
8,STS-B (main-captions),A man is singing and playing a guitar.,A man is playing a guitar.,Similar,Similar,0.8012,80.12%,4.02,Local CPU
9,STS-B (main-captions),A man attacks a woman.,A man slaps a woman.,Similar,Similar,0.7306,73.06%,4.02,Local CPU
10,STS-B (main-captions),Two zebras play in an open field.,Two zebras are playing in a field.,Similar,Similar,0.9564,95.64%,4.02,Local CPU
11,STS-B (main-captions),A man is cutting a potato.,A man is slicing some potato.,Similar,Similar,0.8929,89.29%,4.02,Local CPU
12,STS-B (main-captions),A turtle is swimming in water.,A turtle is walking underwater.,Similar,Similar,0.773,77.30%,4.02,Local CPU
13,STS-B (main-captions),A young woman is putting stickers all over her face.,A woman is applying stickers to her face.,Similar,Similar,0.8652,86.52%,4.02,Local CPU
14,STS-B (main-captions),A cat is eating some corn.,A cat is eating corn on the cob.,Similar,Similar,0.9341,93.41%,4.02,Local CPU
15,STS-B (main-captions),A man is eating a food.,A man is eating a piece of bread.,Similar,Similar,0.7628,76.28%,4.02,Local CPU
16,STS-B (main-captions),A woman is dancing in the rain.,A woman dances in the rain out side.,Similar,Similar,0.9244,92.44%,4.02,Local CPU
17,STS-B (main-captions),A man mixes vegetables in a pot.,A person is stirring vegetables in a pot.,Similar,Similar,0.7838,78.38%,4.02,Local CPU
18,STS-B (main-captions),A woman is talking on a cell phone.,A man and woman are talking on the phone.,Similar,Not Similar,0.6078,60.78%,4.02,Local CPU
19,STS-B (main-captions),A man is playing a guitar.,A man is singing while playing the guitar.,Similar,Similar,0.7703,77.03%,4.02,Local CPU
20,STS-B (main-captions),A boy studies a calendar.,A boy is looking at a calendar.,Similar,Similar,0.9024,90.24%,4.02,Local CPU
21,STS-B (main-captions),A man puts three pieces of meat into a pan.,A man is putting meat in a pan.,Similar,Similar,0.878,87.80%,4.02,Local CPU
22,STS-B (main-captions),Some men are sawing.,Men are sawing logs.,Similar,Similar,0.7764,77.64%,4.02,Local CPU
23,STS-B (main-captions),The man is kissing and hugging the woman.,A man is hugging and kissing a woman.,Similar,Similar,0.9613,96.13%,4.02,Local CPU
24,STS-B (main-captions),Someone is slicing an onion.,A woman is cutting onion.,Similar,Similar,0.8055,80.55%,4.02,Local CPU
25,STS-B (main-captions),A person is playing an electronic keyboard.,A kid is playing keyboard.,Similar,Similar,0.7288,72.88%,4.02,Local CPU
26,STS-B (main-captions),A man is sitting and smoking.,A man is smoking a cigarette.,Similar,Similar,0.801,80.10%,4.02,Local CPU
27,STS-B (main-captions),A man is standing in front of the window and looking outside.,A man is staring out the window.,Similar,Similar,0.7537,75.37%,4.02,Local CPU
28,STS-B (main-captions),A man is playing the guitar and singing.,A man sings with a guitar.,Similar,Similar,0.863,86.30%,4.02,Local CPU
29,STS-B (main-captions),People are dancing outside.,A group of people are dancing.,Similar,Similar,0.8337,83.37%,4.02,Local CPU
30,STS-B (main-captions),A machine is sharpening a pencil.,The machine shaved the end of the pencil.,Similar,Not Similar,0.6941,69.41%,4.02,Local CPU
31,STS-B (main-captions),A person is drawing on a large touchscreen.,A man is drawing on a digital dry erase board.,Similar,Not Similar,0.4942,49.42%,4.02,Local CPU
32,STS-B (main-captions),The polar bears fought over the kill.,Polar bears are fighting each other.,Similar,Similar,0.7988,79.88%,4.02,Local CPU
33,STS-B (main-captions),A man is doing trick with play cards.,A man is performing a card trick.,Similar,Similar,0.9202,92.02%,4.02,Local CPU
34,STS-B (main-captions),Two women are dancing and singing in front of a crowd.,The women are singing and dancing.,Similar,Similar,0.7858,78.58%,4.02,Local CPU
35,STS-B (main-captions),Two men pushed carts through the woods.,Two men are pushing carts.,Similar,Similar,0.7436,74.36%,4.02,Local CPU
36,STS-B (main-captions),The lady peeled the potatoe.,A woman is peeling a potato.,Similar,Similar,0.7513,75.13%,4.02,Local CPU
37,STS-B (main-captions),A woman is slicing some tofu.,A woman is cutting a block of tofu into small cubes.,Similar,Similar,0.7954,79.54%,4.02,Local CPU
38,STS-B (main-captions),Someone typed on a keyboard.,Someone is typing.,Similar,Similar,0.8778,87.78%,4.02,Local CPU
39,STS-B (main-captions),An oriental lady is cutting a carrot into thin pieces.,A woman is slicing a carrot.,Similar,Similar,0.8035,80.35%,4.02,Local CPU
40,STS-B (main-captions),A group of people are dancing.,Women are dancing outside.,Similar,Not Similar,0.6027,60.27%,4.02,Local CPU
41,STS-B (main-captions),A man is cutting pieces of butter into a mixing bowl.,Pieces of butter is added in the stand mixer.,Similar,Not Similar,0.6398,63.98%,4.02,Local CPU
42,STS-B (main-captions),The panda bear lay on the logs.,A panda is lying down.,Similar,Similar,0.716,71.60%,4.02,Local CPU
43,STS-B (main-captions),A cheetah is running behind its prey.,A cheetah chases prey on across a field.,Similar,Similar,0.8253,82.53%,4.02,Local CPU
44,STS-B (main-captions),A dog is barking at a toy.,The little dog barked at the electronic toy.,Similar,Similar,0.7425,74.25%,4.02,Local CPU
45,STS-B (main-captions),A woman and man are dancing in the rain.,A man and woman are dancing in rain.,Similar,Similar,0.9895,98.95%,4.02,Local CPU
46,STS-B (main-captions),Two men are fistfighting in a ring.,Two men fistfight in a ring.,Similar,Similar,0.9276,92.76%,4.02,Local CPU
47,STS-B (main-captions),A person wipes butter on a tray.,A person is buttering a tray.,Similar,Similar,0.8073,80.73%,4.02,Local CPU
48,STS-B (main-captions),Two men are playing football.,Two men are practicing football.,Similar,Similar,0.8061,80.61%,4.02,Local CPU
49,STS-B (main-captions),A woman is stabbing a potato with a fork.,A woman is puncturing a potato with a fork.,Similar,Similar,0.8275,82.75%,4.02,Local CPU
50,STS-B (main-captions),A child is waking up.,A girl is waking up.,Similar,Similar,0.8218,82.18%,4.02,Local CPU
51,STS-B (main-captions),A boy is playing a key-board.,A little boy is playing a keyboard.,Similar,Similar,0.7644,76.44%,4.02,Local CPU
52,STS-B (main-captions),A woman plays the flute.,A woman is playing the flute.,Similar,Similar,0.9906,99.06%,4.02,Local CPU
53,STS-B (main-captions),A group of people are sweeping water out of a house.,People are sweeping water out of a house.,Similar,Similar,0.9664,96.64%,4.02,Local CPU
54,STS-B (main-captions),A man plays a guitar.,A man is playing a guitar.,Similar,Similar,0.9833,98.33%,4.02,Local CPU
55,STS-B (main-captions),A man and a woman is kissing each other.,A man and a woman are hugging and kissing each other.,Similar,Similar,0.8952,89.52%,4.02,Local CPU
56,STS-B (main-captions),A woman is climbing a cliff.,A woman is climbing a rock face.,Similar,Not Similar,0.6818,68.18%,4.02,Local CPU
57,STS-B (main-captions),A polar bear is running towards a group of walruses.,A polar bear is chasing a group of walruses.,Similar,Similar,0.9235,92.35%,4.02,Local CPU
58,STS-B (main-captions),A man is pouring rice a roni into a pan.,A man poured ric-a-roni into a pan.,Similar,Similar,0.74,74.00%,4.02,Local CPU
59,STS-B (main-captions),A man is riding a horse by a creek.,A man is riding a horse.,Similar,Similar,0.7747,77.47%,4.02,Local CPU
60,STS-B (main-captions),A man is playing a guitar.,A man is playing a guitar and singing.,Similar,Similar,0.8108,81.08%,4.02,Local CPU
61,STS-B (main-captions),A man is picking up a tree.,A man is carrying a tree.,Similar,Similar,0.754,75.40%,4.02,Local CPU
62,STS-B (main-captions),A person is peeling a potato.,The man is peeling a potato.,Similar,Similar,0.9052,90.52%,4.02,Local CPU
63,STS-B (main-captions),A man is playing a musical keyboard.,A man is playing a keyboard piano.,Similar,Similar,0.8917,89.17%,4.02,Local CPU
64,STS-B (main-captions),A man plays a trumpet.,A man is playing the trumpet.,Similar,Similar,0.9803,98.03%,4.02,Local CPU
65,STS-B (main-captions),A woman is playing a guitar and singing.,A woman is playing the guitar.,Similar,Similar,0.8503,85.03%,4.02,Local CPU
66,STS-B (main-captions),The man is eating.,A man is eating food.,Similar,Similar,0.9467,94.67%,4.02,Local CPU
67,STS-B (main-captions),A little boy hits a golf ball.,The little boy swung at the golf ball.,Similar,Similar,0.8681,86.81%,4.02,Local CPU
68,STS-B (main-captions),A guy is taking off his sunglasses.,A boy is removing his sunglasses.,Similar,Similar,0.7589,75.89%,4.02,Local CPU
69,STS-B (main-captions),Someone is reading an email.,A man is reading his email.,Similar,Similar,0.876,87.60%,4.02,Local CPU
70,STS-B (main-captions),A person is slicing onions.,Someone is slicing an onion.,Similar,Similar,0.9496,94.96%,4.02,Local CPU
71,STS-B (main-captions),A woman is dicing some peeled potatoes cut into thick strips.,A woman is chopping a peeled potato into slices.,Similar,Similar,0.8023,80.23%,4.02,Local CPU
72,STS-B (main-captions),A cat cleans itself.,A cat is licking itself.,Similar,Similar,0.7345,73.45%,4.02,Local CPU
73,STS-B (main-captions),Three men are doing same dance in the street.,Three shirtless men are dancing in the street.,Similar,Similar,0.7866,78.66%,4.02,Local CPU
74,STS-B (main-captions),The woman is measuring the other woman.,The lady measured the other woman's ankle.,Similar,Similar,0.7403,74.03%,4.02,Local CPU
75,STS-B (main-captions),A man pours rice into a pot.,A man is putting rice in a bowling pot.,Similar,Similar,0.7962,79.62%,4.02,Local CPU
76,STS-B (main-captions),A person is slicing some garlic.,A person is dicing a clove of garlic with a knife.,Similar,Similar,0.7616,76.16%,4.02,Local CPU
77,STS-B (main-captions),Men are playing soccer.,Two teams play soccer.,Similar,Not Similar,0.6433,64.33%,4.02,Local CPU
78,STS-B (main-captions),A person is scrubbing a zucchini.,A woman is scrubbing a zucchini with a vegetable brush.,Similar,Similar,0.8802,88.02%,4.02,Local CPU
79,STS-B (main-captions),A panda bear is chewing on a stick.,A baby panda plays with a stick.,Similar,Similar,0.773,77.30%,4.02,Local CPU
80,STS-B (main-captions),The people are lifting bags.,Several people are carrying large bags.,Similar,Not Similar,0.696,69.60%,4.02,Local CPU
81,STS-B (main-captions),The man is throwing knives at a tree.,A man is throwing blades into a close target outside.,Similar,Not Similar,0.6418,64.18%,4.02,Local CPU
82,STS-B (main-captions),A man tries to feed a mouse to a snake.,A man is teasing a snake with a mouse.,Similar,Similar,0.7969,79.69%,4.02,Local CPU
83,STS-B (main-captions),A cat gets stuck on a moving ceiling fan.,A cat is swinging on a fan.,Similar,Similar,0.7055,70.55%,4.02,Local CPU
84,STS-B (main-captions),The cat is drinking milk.,A white cat is licking and drinking milk kept on a plate.,Similar,Not Similar,0.6865,68.65%,4.02,Local CPU
85,STS-B (main-captions),Rocky and Apollo Creed are running down the beach.,The men are jogging on the beach.,Similar,Not Similar,0.4764,47.64%,4.02,Local CPU
86,STS-B (main-captions),A lady mixed up a meat mixture in bowl.,A woman is stirring meat in a bowl.,Similar,Similar,0.7759,77.59%,4.02,Local CPU
87,STS-B (main-captions),A woman puts make-up on.,A woman is putting on eyeshadow.,Similar,Not Similar,0.6602,66.02%,4.02,Local CPU
88,STS-B (main-captions),A cat plays in his water.,The cat fished a straw out ouf his water dish.,Similar,Not Similar,0.6621,66.21%,4.02,Local CPU
89,STS-B (main-captions),The man is exercising.,A man is doing pull-ups.,Similar,Not Similar,0.6474,64.74%,4.02,Local CPU
90,STS-B (main-captions),A moped in front of steps of ruins.,A moped in front of ruins.,Similar,Similar,0.944,94.40%,4.02,Local CPU
91,STS-B (main-captions),A man sleeps with a baby in his lap.,A man asleep in a chair holding a baby.,Similar,Similar,0.7199,71.99%,4.02,Local CPU
92,STS-B (main-captions),A man with a bicycle at a coffee house.,Man walking bicycle to patio of a coffee shop.,Similar,Similar,0.7281,72.81%,4.02,Local CPU
93,STS-B (main-captions),A young blonde girl wearing a helmet sits with a red bicycle behind her.,A young girl wearing a bike helmet with a bicycle in the background.,Similar,Similar,0.7829,78.29%,4.02,Local CPU
94,STS-B (main-captions),Two dogs and one cat sitting on couch.,Two dogs and a cat resting on a couch.,Similar,Similar,0.9001,90.01%,4.02,Local CPU
95,STS-B (main-captions),A bicycle is parked by a shop.,A bicycle is parked outside a bookstore.,Similar,Similar,0.7343,73.43%,4.02,Local CPU
96,STS-B (main-captions),A orange and white cat laying on a blanket in a black leather chair.,A ginger and white cat curled up and asleep on a leather chair.,Similar,Similar,0.7796,77.96%,4.02,Local CPU
97,STS-B (main-captions),Young couple sitting on a black couch.,Young couple sitting on couch.,Similar,Similar,0.9262,92.62%,4.02,Local CPU
98,STS-B (main-captions),Elderly woman sitting on red patterned couch with her arm around younger woman.,Two women sitting on couch posing for camera.,Similar,Not Similar,0.5767,57.67%,4.02,Local CPU
99,STS-B (main-captions),Red and white bus driving down road.,A bus drives down a busy road.,Similar,Similar,0.7596,75.96%,4.02,Local CPU
100,STS-B (main-captions),Two green and white trains sitting on the tracks.,Two green and white trains are sitting on the train track.,Similar,Similar,0.9583,95.83%,4.02,Local CPU
101,STS-B (main-captions),A grey cat lying on a wooden table.,A grey cat laying on a dining table.,Similar,Similar,0.9053,90.53%,4.02,Local CPU
102,STS-B (main-captions),A father napping in a chair with a baby on his lap.,Man with pink shirt sleeping on chair with infant.,Similar,Not Similar,0.6557,65.57%,4.02,Local CPU
103,STS-B (main-captions),a close up head of an ostrich.,A close up of an ostrich face.,Similar,Similar,0.9039,90.39%,4.02,Local CPU
104,STS-B (main-captions),Green and white bird perched on tree branch.,Bird with a green head and white chest perched on a tree branch.,Similar,Similar,0.9295,92.95%,4.02,Local CPU
105,STS-B (main-captions),A man in a top hat rides a white horse.,A man with a top hat riding a white horse.,Similar,Similar,0.9848,98.48%,4.02,Local CPU
106,STS-B (main-captions),Two Indian women with two Indian girls near the water.,Two Indian woman stand with two Indian girls on a beach.,Similar,Similar,0.7919,79.19%,4.02,Local CPU
107,STS-B (main-captions),A dog sniffing the bottom of a door.,A black and white dog sniffing at a closed door.,Similar,Similar,0.8112,81.12%,4.02,Local CPU
108,STS-B (main-captions),a small bird sitting on a branch in winter.,A small bird perched on an icy branch.,Similar,Similar,0.8735,87.35%,4.02,Local CPU
109,STS-B (main-captions),A brown duck and white duck stand on the grass.,Brown and white ducks walking on green grass.,Similar,Similar,0.7469,74.69%,4.02,Local CPU
110,STS-B (main-captions),A man wearing black formal wear & a black top hat is riding a white show horse.,A man with a top hat riding a white horse.,Similar,Similar,0.8009,80.09%,4.02,Local CPU
111,STS-B (main-captions),A small brown birds is eating from a bird feeder hanging from a tree.,A small bird perches on the bird feeder hanging from the tree.,Similar,Similar,0.7606,76.06%,4.02,Local CPU
112,STS-B (main-captions),Blue and red plane in mid-air flight.,a blue and red airplane while in flight.,Similar,Similar,0.8943,89.43%,4.02,Local CPU
113,STS-B (main-captions),A train is at a train station.,The train sits at the train station.,Similar,Similar,0.8581,85.81%,4.02,Local CPU
114,STS-B (main-captions),Three young women standing in a room together.,"Three dark haired young women in white, red and black sweaters.",Similar,Not Similar,0.6104,61.04%,4.02,Local CPU
115,STS-B (main-captions),A white bird with long orange legs standing by a lake.,Large white bird with long orange beak standing on the shoreline.,Similar,Similar,0.8194,81.94%,4.02,Local CPU
116,STS-B (main-captions),A red train driving through a snow covered city.,The train is riding on the tracks in the snow.,Similar,Not Similar,0.6273,62.73%,4.02,Local CPU
117,STS-B (main-captions),Three bicyclists crossing a bridge in a city.,The bicyclists are crossing a bridge in the rain.,Similar,Not Similar,0.6919,69.19%,4.02,Local CPU
118,STS-B (main-captions),A red and white bus drives down an England street.,A red and white England bus drives down the street.,Similar,Similar,0.9844,98.44%,4.02,Local CPU
119,STS-B (main-captions),A group of horses grazing in a field.,Group of horses grazing in grassy field.,Similar,Similar,0.9664,96.64%,4.02,Local CPU
120,STS-B (main-captions),Several people on motorcycles in a market square.,People on motorbikes in a city street.,Similar,Not Similar,0.5613,56.13%,4.02,Local CPU
121,STS-B (main-captions),Group of people posing with two men dressed as Elvis.,A group of people standing with two other people dressed as Elvis.,Similar,Similar,0.8433,84.33%,4.02,Local CPU
122,STS-B (main-captions),Parrot pushing a small shopping cart.,A white bird is steering a shopping cart.,Similar,Not Similar,0.6679,66.79%,4.02,Local CPU
123,STS-B (main-captions),Man in yellow canoe paddling through water.,Man paddling a yellow canoe towards a the shore.,Similar,Similar,0.8912,89.12%,4.02,Local CPU
124,STS-B (main-captions),Beer bottles (-LRB- Harp Lager )-RRB- lined up on the floor.,A row of beer bottles on the floor.,Similar,Similar,0.7496,74.96%,4.02,Local CPU
125,STS-B (main-captions),Black and white cow standing near pile of snow.,a black and white cow standing in the field.,Similar,Similar,0.7702,77.02%,4.02,Local CPU
126,STS-B (main-captions),A girl is styling her hair.,A girl is brushing her hair.,Not Similar,Similar,0.8052,80.52%,4.02,Local CPU
127,STS-B (main-captions),A man is playing a harp.,A man is playing a keyboard.,Not Similar,Not Similar,0.3556,35.56%,4.02,Local CPU
128,STS-B (main-captions),A woman is cutting onions.,A woman is cutting tofu.,Not Similar,Not Similar,0.5017,50.17%,4.02,Local CPU
129,STS-B (main-captions),A man is playing the drums.,A man is playing the guitar.,Not Similar,Not Similar,0.4757,47.57%,4.02,Local CPU
130,STS-B (main-captions),A man is playing guitar.,A lady is playing the guitar.,Not Similar,Not Similar,0.6182,61.82%,4.02,Local CPU
131,STS-B (main-captions),A man is playing a guitar.,A man is playing a trumpet.,Not Similar,Not Similar,0.5096,50.96%,4.02,Local CPU
132,STS-B (main-captions),A man is playing a guitar.,A man is playing a trumpet.,Not Similar,Not Similar,0.5096,50.96%,4.02,Local CPU
133,STS-B (main-captions),A man is cycling.,A man is talking.,Not Similar,Not Similar,0.3421,34.21%,4.02,Local CPU
134,STS-B (main-captions),A man is slicing a tomato.,A man is slicing a bun.,Not Similar,Not Similar,0.5629,56.29%,4.02,Local CPU
135,STS-B (main-captions),A man is playing a guitar.,A man is playing a keyboard.,Not Similar,Not Similar,0.4958,49.58%,4.02,Local CPU
136,STS-B (main-captions),A man is driving a car.,A man is riding a horse.,Not Similar,Not Similar,0.3028,30.28%,4.02,Local CPU
137,STS-B (main-captions),A woman is cutting tofu.,A woman is cutting an onion.,Not Similar,Not Similar,0.4802,48.02%,4.02,Local CPU
138,STS-B (main-captions),The woman is styling her hair.,The woman is slicing herbs.,Not Similar,Not Similar,0.3257,32.57%,4.02,Local CPU
139,STS-B (main-captions),A man is slicing an onion.,A woman is slicing a pumpkin.,Not Similar,Not Similar,0.5133,51.33%,4.02,Local CPU
140,STS-B (main-captions),A  man is dancing.,A man and woman is dancing.,Not Similar,Similar,0.7003,70.03%,4.02,Local CPU
141,STS-B (main-captions),A man is riding a motorcycle.,A woman is riding a horse.,Not Similar,Not Similar,0.1442,14.42%,4.02,Local CPU
142,STS-B (main-captions),A woman is slicing garlics.,A woman is slicing an onion.,Not Similar,Similar,0.7678,76.78%,4.02,Local CPU
143,STS-B (main-captions),A man is speaking.,A man is cooking.,Not Similar,Not Similar,0.3162,31.62%,4.02,Local CPU
144,STS-B (main-captions),A little boy is singing and playing a guitar.,A man is singing and playing the guitar.,Not Similar,Not Similar,0.6633,66.33%,4.02,Local CPU
145,STS-B (main-captions),A woman is wrapping tofu.,A woman is balling dough.,Not Similar,Not Similar,0.4439,44.39%,4.02,Local CPU
146,STS-B (main-captions),A man is playing a guitar.,A man is eating pasta.,Not Similar,Not Similar,0.1761,17.61%,4.02,Local CPU
147,STS-B (main-captions),A man is kicking pots of water.,A man is picking flowers.,Not Similar,Not Similar,0.2722,27.22%,4.02,Local CPU
148,STS-B (main-captions),A man is cutting a pipe with scissors.,A man is cutting carpet with a knife.,Not Similar,Not Similar,0.5674,56.74%,4.02,Local CPU
149,STS-B (main-captions),A woman is taking a bath.,A woman is riding a horse.,Not Similar,Not Similar,0.3469,34.69%,4.02,Local CPU
150,STS-B (main-captions),A man is playing a guitar.,A man is driving a car.,Not Similar,Not Similar,0.2636,26.36%,4.02,Local CPU
151,STS-B (main-captions),A man is cutting apple by his hand.,A man is cutting carpet with a knife.,Not Similar,Not Similar,0.601,60.10%,4.02,Local CPU
152,STS-B (main-captions),A man is opening a door.,A man is cutting an onion.,Not Similar,Not Similar,0.2491,24.91%,4.02,Local CPU
153,STS-B (main-captions),A man is slicing a tomato.,A man is riding a horse.,Not Similar,Not Similar,0.166,16.60%,4.02,Local CPU
154,STS-B (main-captions),A man is cutting paper with a sword.,A woman is cutting a tomato.,Not Similar,Not Similar,0.3898,38.98%,4.02,Local CPU
155,STS-B (main-captions),The ballerina is dancing.,A man is dancing.,Not Similar,Not Similar,0.5917,59.17%,4.02,Local CPU
156,STS-B (main-captions),A woman is dancing.,A woman is playing violin.,Not Similar,Not Similar,0.5061,50.61%,4.02,Local CPU
157,STS-B (main-captions),A woman is slicing some tomatoes.,A woman is chopping a potato.,Not Similar,Not Similar,0.5826,58.26%,4.02,Local CPU
158,STS-B (main-captions),A woman is water skiing.,A woman is slicing fish.,Not Similar,Not Similar,0.2738,27.38%,4.02,Local CPU
159,STS-B (main-captions),A man is playing a flute.,A man is riding a scooter.,Not Similar,Not Similar,0.2302,23.02%,4.02,Local CPU
160,STS-B (main-captions),A man is playing the piano.,A man played the guitar.,Not Similar,Not Similar,0.4795,47.95%,4.02,Local CPU
161,STS-B (main-captions),A woman is picking a can.,A man is playing a guitar.,Not Similar,Not Similar,0.0167,1.67%,4.02,Local CPU
162,STS-B (main-captions),A woman is cutting an onion.,A woman is cleaning a garden.,Not Similar,Not Similar,0.4654,46.54%,4.02,Local CPU
163,STS-B (main-captions),A car is driven down the road.,A girl is walking down a road.,Not Similar,Not Similar,0.5296,52.96%,4.02,Local CPU
164,STS-B (main-captions),A train is moving.,A man is doing yoga.,Not Similar,Not Similar,0.0723,7.23%,4.02,Local CPU
165,STS-B (main-captions),A woman is playing in the ocean.,A woman is preparing shrimp to cook.,Not Similar,Not Similar,0.3847,38.47%,4.02,Local CPU
166,STS-B (main-captions),A man is holding a leaf.,A monkey is fighting a man.,Not Similar,Not Similar,0.2487,24.87%,4.02,Local CPU
167,STS-B (main-captions),A woman is peeling shrimp.,A man is squeezing water.,Not Similar,Not Similar,0.0164,1.64%,4.02,Local CPU
168,STS-B (main-captions),A man is playing a guitar.,A woman is riding a horse.,Not Similar,Not Similar,0.004,0.40%,4.02,Local CPU
169,STS-B (main-captions),A skunk is looking here and there.,A skunk looks at the camera.,Not Similar,Similar,0.8065,80.65%,4.02,Local CPU
170,STS-B (main-captions),A woman opens a window.,A man is crawling.,Not Similar,Not Similar,0.0,0.00%,4.02,Local CPU
171,STS-B (main-captions),The man is using a camera to hammer a nail.,Someone is banging a camera lense against a nail.,Not Similar,Not Similar,0.6997,69.97%,4.02,Local CPU
172,STS-B (main-captions),A woman is filing her nails.,A man is peeling a carrot.,Not Similar,Not Similar,0.0657,6.57%,4.02,Local CPU
173,STS-B (main-captions),A boy is crawling into a dog house.,A boy is playing a wooden flute.,Not Similar,Not Similar,0.213,21.30%,4.02,Local CPU
174,STS-B (main-captions),A woman is swimming underwater.,A man is slicing some carrots.,Not Similar,Not Similar,0.0,0.00%,4.02,Local CPU
175,STS-B (main-captions),A monkey is playing drums.,A gorilla plays the drums.,Not Similar,Similar,0.766,76.60%,4.02,Local CPU
176,STS-B (main-captions),A man is opening a box and taking out paper.,A woman is peeling a potato.,Not Similar,Not Similar,0.0702,7.02%,4.02,Local CPU
177,STS-B (main-captions),A woman is dancing.,A woman plays the clarinet.,Not Similar,Not Similar,0.4128,41.28%,4.02,Local CPU
178,STS-B (main-captions),The men played follow the leader on the grass.,The rhino grazed on the grass.,Not Similar,Not Similar,0.3529,35.29%,4.02,Local CPU
179,STS-B (main-captions),A woman is cracking eggs.,A man is talking to a woman.,Not Similar,Not Similar,0.0839,8.39%,4.02,Local CPU
180,STS-B (main-captions),A woman peels garlic with her hands.,The woman is slicing herbs.,Not Similar,Not Similar,0.548,54.80%,4.02,Local CPU
181,STS-B (main-captions),The cat is licking a bottle.,A cat plays with a small bottle.,Not Similar,Similar,0.7112,71.12%,4.02,Local CPU
182,STS-B (main-captions),A person is slicing an onion.,A person cuts ginger.,Not Similar,Not Similar,0.4799,47.99%,4.02,Local CPU
183,STS-B (main-captions),A person is peeling a potato with a potato peeler.,A man is cutting tomatoes with a cleaver.,Not Similar,Not Similar,0.3579,35.79%,4.02,Local CPU
184,STS-B (main-captions),A man is seasoning some carrots.,A woman is slicing garlic.,Not Similar,Not Similar,0.2424,24.24%,4.02,Local CPU
185,STS-B (main-captions),A man is playing a football.,A man is maneuvering a soccer ball with his feet.,Not Similar,Not Similar,0.5592,55.92%,4.02,Local CPU
186,STS-B (main-captions),"Three young men run, jump, and kick off of a Coke machine.",Three men are jumping off a wall.,Not Similar,Not Similar,0.5052,50.52%,4.02,Local CPU
187,STS-B (main-captions),A young Asian girl is applying eyeliner.,A girl is putting on eye makeup.,Not Similar,Similar,0.7665,76.65%,4.02,Local CPU
188,STS-B (main-captions),A cat is walking around a house.,A woman is peeling potato.,Not Similar,Not Similar,0.0426,4.26%,4.02,Local CPU
189,STS-B (main-captions),A woman is talking to her pet bunny as she fondles it.,A woman walks her dog onto astro turf.,Not Similar,Not Similar,0.2836,28.36%,4.02,Local CPU
190,STS-B (main-captions),A monkey is playing drums.,Someone in a gorilla costume is playing a set of drums.,Not Similar,Not Similar,0.6433,64.33%,4.02,Local CPU
191,STS-B (main-captions),A man is riding a white horse on an enclosed ground.,Someone is riding a horse.,Not Similar,Not Similar,0.6611,66.11%,4.02,Local CPU
192,STS-B (main-captions),A man is playing guitar.,A boy is talking to a giant dog.,Not Similar,Not Similar,0.0,0.00%,4.02,Local CPU
193,STS-B (main-captions),A woman mixes up vegetables.,A woman is adding ingredients to a skillet.,Not Similar,Not Similar,0.5715,57.15%,4.02,Local CPU
194,STS-B (main-captions),A woman pours a mixture into a bowl and mixes it.,A woman is preparing an egg in a skillet.,Not Similar,Not Similar,0.4207,42.07%,4.02,Local CPU
195,STS-B (main-captions),A man is putting garlic on some bread slices.,A man is sprinkling seasoning on several split and buttered loaves of bread.,Not Similar,Not Similar,0.5336,53.36%,4.02,Local CPU
196,STS-B (main-captions),Five men jump into a swimming pool.,A group of swimmers fall into a pool.,Not Similar,Not Similar,0.6191,61.91%,4.02,Local CPU
197,STS-B (main-captions),A cat is playing on the floor.,A man is slicing garlic.,Not Similar,Not Similar,0.0059,0.59%,4.02,Local CPU
198,STS-B (main-captions),A boy is playing violin on stage.,A person is mixing a pot.,Not Similar,Not Similar,0.1126,11.26%,4.02,Local CPU
199,STS-B (main-captions),A man is cycling.,A boy is riding a bicycle.,Not Similar,Not Similar,0.52,52.00%,4.02,Local CPU
200,STS-B (main-captions),A woman is slicing ginger.,A person is holding two baby lorises.,Not Similar,Not Similar,0.066,6.60%,4.02,Local CPU
201,STS-B (main-captions),A man is dragging a dead deer.,A man is jumping into water from a cliff.,Not Similar,Not Similar,0.2118,21.18%,4.02,Local CPU
202,STS-B (main-captions),A man is preparing a snake for cooking.,The man is dropping sliced cucumbers into water.,Not Similar,Not Similar,0.2897,28.97%,4.02,Local CPU
203,STS-B (main-captions),A woman is spreading mustard on a bread roll.,A kitten is playing with a woman's finger.,Not Similar,Not Similar,0.1065,10.65%,4.02,Local CPU
204,STS-B (main-captions),Someone touched the kitten chewing on a string.,Someone is cutting paper.,Not Similar,Not Similar,0.1357,13.57%,4.02,Local CPU
205,STS-B (main-captions),Meat is being put into a skillet.,A woman is putting a baby into a trash can.,Not Similar,Not Similar,0.0601,6.01%,4.02,Local CPU
206,STS-B (main-captions),A baby elephant is eating a small tree.,A little girl peddling a scooter.,Not Similar,Not Similar,0.0865,8.65%,4.02,Local CPU
207,STS-B (main-captions),Someone is drawing.,Someone is dancing.,Not Similar,Not Similar,0.2296,22.96%,4.02,Local CPU
208,STS-B (main-captions),A man is playing a guitar.,A woman is playing the guitar.,Not Similar,Not Similar,0.6528,65.28%,4.02,Local CPU
209,STS-B (main-captions),The man is playing the guitar.,The girl is playing the guitar.,Not Similar,Not Similar,0.5516,55.16%,4.02,Local CPU
210,STS-B (main-captions),A man is peeling a potato.,A man is slicing a potato.,Not Similar,Similar,0.796,79.60%,4.02,Local CPU
211,STS-B (main-captions),A woman is playing an electric guitar.,A man is playing an acoustic guitar.,Not Similar,Not Similar,0.5735,57.35%,4.02,Local CPU
212,STS-B (main-captions),A man is playing a flute.,A man is playing a guitar.,Not Similar,Not Similar,0.5418,54.18%,4.02,Local CPU
213,STS-B (main-captions),A woman is cutting some fish.,A woman is cutting tofu.,Not Similar,Not Similar,0.5349,53.49%,4.02,Local CPU
214,STS-B (main-captions),Someone is playing a piano.,Someone is playing guitar.,Not Similar,Not Similar,0.4948,49.48%,4.02,Local CPU
215,STS-B (main-captions),A man is breaking wooden boards with his hand.,A man is breaking tiles with his hands.,Not Similar,Not Similar,0.6499,64.99%,4.02,Local CPU
216,STS-B (main-captions),A girl is playing guitar.,A girl is playing a piano.,Not Similar,Not Similar,0.6281,62.81%,4.02,Local CPU
217,STS-B (main-captions),A man is praying.,A man is dancing.,Not Similar,Not Similar,0.3514,35.14%,4.02,Local CPU
218,STS-B (main-captions),A man is playing piano.,A man is playing a violin.,Not Similar,Not Similar,0.5195,51.95%,4.02,Local CPU
219,STS-B (main-captions),A woman is slicing an onion.,A woman is slicing lemons.,Not Similar,Similar,0.7045,70.45%,4.02,Local CPU
220,STS-B (main-captions),A person is playing a piano.,A person is slicing a potato.,Not Similar,Not Similar,0.2803,28.03%,4.02,Local CPU
221,STS-B (main-captions),A man is spitting.,A man is talking.,Not Similar,Not Similar,0.3543,35.43%,4.02,Local CPU
222,STS-B (main-captions),A man is dancing.,A man is thinking.,Not Similar,Not Similar,0.4304,43.04%,4.02,Local CPU
223,STS-B (main-captions),A woman is riding a horse.,A man rides a horse.,Not Similar,Not Similar,0.5451,54.51%,4.02,Local CPU
224,STS-B (main-captions),A band is playing on stage.,A woman is dancing on a stage.,Not Similar,Not Similar,0.4,40.00%,4.02,Local CPU
225,STS-B (main-captions),A girl is coming up on a car.,A girl jumps on top of a car.,Not Similar,Similar,0.7321,73.21%,4.02,Local CPU
226,STS-B (main-captions),A man is playing drums.,A man is playing his guitar.,Not Similar,Not Similar,0.4886,48.86%,4.02,Local CPU
227,STS-B (main-captions),Someone is slicing a onion.,Someone is carrying a fish.,Not Similar,Not Similar,0.1432,14.32%,4.02,Local CPU
228,STS-B (main-captions),A little girl peddling a scooter.,A girl is riding a scooter.,Not Similar,Similar,0.8309,83.09%,4.02,Local CPU
229,STS-B (main-captions),A man is kicking a soccer ball.,A man is performing tricks with a soccer ball.,Not Similar,Similar,0.8205,82.05%,4.02,Local CPU
230,STS-B (main-captions),A woman opens a window.,A woman is looking out a window.,Not Similar,Similar,0.7665,76.65%,4.02,Local CPU
231,STS-B (main-captions),The man is playing the guitar.,The man is peeling a potato.,Not Similar,Not Similar,0.2055,20.55%,4.02,Local CPU
232,STS-B (main-captions),A man is dancing.,A woman is exercising.,Not Similar,Not Similar,0.0697,6.97%,4.02,Local CPU
233,STS-B (main-captions),A woman is exercising.,A man is dancing.,Not Similar,Not Similar,0.0697,6.97%,4.02,Local CPU
234,STS-B (main-captions),A boy is playing the violin onstage.,A boy is playing an instrument.,Not Similar,Similar,0.7046,70.46%,4.02,Local CPU
235,STS-B (main-captions),A man is doing exercise.,A man is firing a rifle.,Not Similar,Not Similar,0.2816,28.16%,4.02,Local CPU
236,STS-B (main-captions),A dog is playing with a toy.,A dog is eating a doll.,Not Similar,Not Similar,0.5067,50.67%,4.02,Local CPU
237,STS-B (main-captions),A man is playing a piano.,A guy is peeling a potato.,Not Similar,Not Similar,0.2605,26.05%,4.02,Local CPU
238,STS-B (main-captions),A man is bowling.,A kitten is walking.,Not Similar,Not Similar,0.0,0.00%,4.02,Local CPU
239,STS-B (main-captions),A woman is dancing near a fire.,A woman is cutting a tomatoe.,Not Similar,Not Similar,0.169,16.90%,4.02,Local CPU
240,STS-B (main-captions),A man is making a bed.,A man is speaking to an audience.,Not Similar,Not Similar,0.2494,24.94%,4.02,Local CPU
241,STS-B (main-captions),A person is riding a motorcyle.,A person is chopping an onion.,Not Similar,Not Similar,0.2437,24.37%,4.02,Local CPU
242,STS-B (main-captions),A woman is slicing ginger.,A woman is cutting potatoes.,Not Similar,Not Similar,0.5605,56.05%,4.02,Local CPU
243,STS-B (main-captions),A man is talking on the phone.,A man is moon-walking across a store.,Not Similar,Not Similar,0.1975,19.75%,4.02,Local CPU
244,STS-B (main-captions),A woman is braiding her hair.,A man is riding a motorcycle.,Not Similar,Not Similar,0.0,0.00%,4.02,Local CPU
245,STS-B (main-captions),The woman is slicing tofu.,The woman is putting on lipstick.,Not Similar,Not Similar,0.3294,32.94%,4.02,Local CPU
246,STS-B (main-captions),A woman is folding paper.,A woman is applying eye shadow.,Not Similar,Not Similar,0.364,36.40%,4.02,Local CPU
247,STS-B (main-captions),Someone is folding a piece of paper.,A person is slicing a small pieces of ginger.,Not Similar,Not Similar,0.2372,23.72%,4.02,Local CPU
248,STS-B (main-captions),A man is lifting weights.,A man is chopping egg plant.,Not Similar,Not Similar,0.2601,26.01%,4.02,Local CPU
249,STS-B (main-captions),A man is playing a cello.,A man is rapidly lifting small weights.,Not Similar,Not Similar,0.2372,23.72%,4.02,Local CPU
250,STS-B (main-captions),The man is talking.,A man is walking down stairs.,Not Similar,Not Similar,0.3728,37.28%,4.02,Local CPU
